id,first_name,last_name,email,gender,ip_address
1,Tildie,Cavan,tcavan0@ning.com,Genderqueer,66.118.5.70
2,Jenna,Youngs,jyoungs1@oracle.com,Bigender,232.125.225.71
3,Ellene,Hick,ehick2@ustream.tv,Bigender,19.69.158.33
4,Kristen,Cottis,kcottis3@netlog.com,Polygender,75.95.228.59
5,Rhys,Hardan,rhardan4@imdb.com,Male,41.181.207.166
6,Tersina,Elcombe,telcombe5@foxnews.com,Polygender,10.65.79.117
7,Zelda,Haddleston,zhaddleston6@fc2.com,Polygender,24.5.146.50
8,Cary,Smullin,csmullin7@ameblo.jp,Agender,211.91.90.177
9,Donovan,Taleworth,dtaleworth8@seesaa.net,Genderqueer,206.171.213.7
10,Grata,Chiverstone,gchiverstone9@eepurl.com,Bigender,98.186.17.100
